数据集,规范字段名,中文字段名,数据类型,单位,小数位数,默认格式,字段说明
kline_daily,amount,成交额 （千元）,float,万,2,%.2f,成交额 （千元）
kline_daily,change,涨跌额,float,元,3,%.3f,涨跌额
kline_daily,close,收盘价,float,元,3,%.3f,收盘价
kline_daily,high,最高价,float,元,3,%.3f,最高价
kline_daily,low,最低价,float,元,3,%.3f,最低价
kline_daily,open,开盘价,float,元,3,%.3f,开盘价
kline_daily,pct_chg,涨跌幅 【基于除权后的昨收计算的涨跌幅：（今收-除权昨收）/除权昨收 】,float,%,2,%.2f,涨跌幅 【基于除权后的昨收计算的涨跌幅：（今收-除权昨收）/除权昨收 】
kline_daily,pre_close,昨收价【除权价，前复权】,float,元,3,%.3f,昨收价【除权价，前复权】
kline_daily,trade_date,交易日期,str,无,0,YYYY-MM-DD,交易日期
kline_daily,ts_code,股票代码,str,无,0,,股票代码
kline_daily,vol,成交量 （手）,float,手,0,%.0f,成交量 （手）
kline_m1,amount_m,分钟成交额,float,万,2,%.2f,分钟成交额，配合 freq 字段决定 1/5/15/30/60 分钟，规范单位：万
kline_m1,close,收盘价,float,元,3,%.3f,收盘价
kline_m1,high,最高价,float,元,3,%.3f,最高价
kline_m1,low,最低价,float,元,3,%.3f,最低价
kline_m1,open,开盘价,float,元,3,%.3f,开盘价
kline_m1,time,交易时间,None,无,0,YYYY-MM-DD HH:MM:SS,交易时间
kline_m1,trade_time,交易时间,str,无,0,YYYY-MM-DD HH:MM:SS,交易时间
kline_m1,ts_code,股票代码,str,无,0,,股票代码
kline_m1,vol,成交量,int,无,0,%.0f,成交量
trade_calendar,exchange,交易所 SSE上交所 SZSE深交所,str,无,0,,交易所 SSE上交所 SZSE深交所
trade_calendar,cal_date,日历日期,str,无,0,YYYY-MM-DD,日历日期
trade_calendar,is_open,是否交易 0休市 1交易,str,无,0,,是否交易 0休市 1交易
trade_calendar,pretrade_date,上一个交易日,str,无,0,YYYY-MM-DD,上一个交易日
stock_basic,ts_code,TS代码,str,无,0,,TS代码
stock_basic,symbol,股票代码,str,无,0,,股票代码
stock_basic,name,股票名称,str,无,0,,股票名称
stock_basic,area,地域,str,无,0,,地域
stock_basic,industry,所属行业,str,无,0,,所属行业
stock_basic,fullname,股票全称,str,无,0,,股票全称
stock_basic,enname,英文全称,str,无,0,,英文全称
stock_basic,cnspell,拼音缩写,str,无,0,,拼音缩写
stock_basic,market,市场类型（主板/创业板/科创板/CDR）,str,无,0,,市场类型（主板/创业板/科创板/CDR）
stock_basic,exchange,交易所代码,str,无,0,,交易所代码
stock_basic,curr_type,交易货币,str,无,0,,交易货币
stock_basic,list_status,上市状态 L上市 D退市 P暂停上市,str,无,0,,上市状态 L上市 D退市 P暂停上市
stock_basic,list_date,上市日期,str,无,0,YYYY-MM-DD,上市日期
stock_basic,delist_date,退市日期,str,无,0,YYYY-MM-DD,退市日期
stock_basic,is_hs,是否沪深港通标的，N否 H沪股通 S深股通,str,无,0,,是否沪深港通标的，N否 H沪股通 S深股通
stock_basic,act_name,实控人名称,str,无,0,,实控人名称
stock_basic,act_ent_type,实控人企业性质,str,无,0,,实控人企业性质
daily_basic,ts_code,TS股票代码,str,无,0,,TS股票代码
daily_basic,trade_date,交易日期,str,无,0,YYYY-MM-DD,交易日期
daily_basic,close,当日收盘价,float,无,3,%.3f,当日收盘价
daily_basic,turnover_rate,换手率（%）,float,%,3,%.3f,换手率（%）
daily_basic,turnover_rate_f,换手率（自由流通股）,float,无,3,%.3f,换手率（自由流通股）
daily_basic,volume_ratio,量比,float,无,3,%.3f,量比
daily_basic,pe,市盈率（总市值/净利润， 亏损的PE为空）,float,无,3,%.3f,市盈率（总市值/净利润， 亏损的PE为空）
daily_basic,pe_ttm,市盈率（TTM，亏损的PE为空）,float,无,3,%.3f,市盈率（TTM，亏损的PE为空）
daily_basic,pb,市净率（总市值/净资产）,float,无,3,%.3f,市净率（总市值/净资产）
daily_basic,ps,市销率,float,无,3,%.3f,市销率
daily_basic,ps_ttm,市销率（TTM）,float,无,3,%.3f,市销率（TTM）
daily_basic,dv_ratio,股息率 （%）,float,%,3,%.3f,股息率 （%）
daily_basic,dv_ttm,股息率（TTM）（%）,float,%,3,%.3f,股息率（TTM）（%）
daily_basic,total_share,总股本 （万股）,float,万股,3,%.3f,总股本 （万股）
daily_basic,float_share,流通股本 （万股）,float,万股,3,%.3f,流通股本 （万股）
daily_basic,free_share,自由流通股本 （万）,float,无,3,%.3f,自由流通股本 （万）
daily_basic,total_mv,总市值 （万元）,float,万元,3,%.3f,总市值 （万元）
daily_basic,circ_mv,流通市值（万元）,float,万元,3,%.3f,流通市值（万元）
moneyflow_ind_dc,trade_date,交易日期,str,无,0,YYYY-MM-DD,交易日期
moneyflow_ind_dc,content_type,数据类型,str,无,0,,数据类型
moneyflow_ind_dc,ts_code,DC板块代码（行业、概念、地域）,str,无,0,,DC板块代码（行业、概念、地域）
moneyflow_ind_dc,name,板块名称,str,无,0,,板块名称
moneyflow_ind_dc,pct_change,板块涨跌幅（%）,float,%,2,%.2f,板块涨跌幅（%）
moneyflow_ind_dc,close,板块最新指数,float,无,2,%.2f,板块最新指数
moneyflow_ind_dc,net_amount,今日主力净流入 净额（元）,float,元,2,%.2f,今日主力净流入 净额（元）
moneyflow_ind_dc,net_amount_rate,今日主力净流入净占比%,float,%,2,%.2f,今日主力净流入净占比%
moneyflow_ind_dc,buy_elg_amount,今日超大单净流入 净额（元）,float,元,2,%.2f,今日超大单净流入 净额（元）
moneyflow_ind_dc,buy_elg_amount_rate,今日超大单净流入 净占比%,float,%,2,%.2f,今日超大单净流入 净占比%
moneyflow_ind_dc,buy_lg_amount,今日大单净流入 净额（元）,float,元,2,%.2f,今日大单净流入 净额（元）
moneyflow_ind_dc,buy_lg_amount_rate,今日大单净流入 净占比%,float,%,2,%.2f,今日大单净流入 净占比%
moneyflow_ind_dc,buy_md_amount,今日中单净流入 净额（元）,float,元,2,%.2f,今日中单净流入 净额（元）
moneyflow_ind_dc,buy_md_amount_rate,今日中单净流入 净占比%,float,%,2,%.2f,今日中单净流入 净占比%
moneyflow_ind_dc,buy_sm_amount,今日小单净流入 净额（元）,float,元,2,%.2f,今日小单净流入 净额（元）
moneyflow_ind_dc,buy_sm_amount_rate,今日小单净流入 净占比%,float,%,2,%.2f,今日小单净流入 净占比%
moneyflow_ind_dc,buy_sm_amount_stock,今日主力净流入最大股,str,无,0,,今日主力净流入最大股
moneyflow_ind_dc,rank,序号,int,无,0,,序号
realtime_quotes,name,股票名称,str,无,0,,股票名称
realtime_quotes,ts_code,股票代码,str,无,0,,股票代码
realtime_quotes,date,交易日期,str,无,0,,交易日期
realtime_quotes,time,交易时间,str,无,0,YYYY-MM-DD HH:MM:SS,交易时间
realtime_quotes,open,开盘价,float,元,3,%.3f,开盘价
realtime_quotes,pre_close,昨收价,float,元,3,%.3f,昨收价
realtime_quotes,price,现价,float,元,3,%.3f,现价
realtime_quotes,high,今日最高价,float,元,3,%.3f,今日最高价
realtime_quotes,low,今日最低价,float,元,3,%.3f,今日最低价
realtime_quotes,bid,竞买价，即“买一”报价（元）,float,元,0,,竞买价，即“买一”报价（元）
realtime_quotes,ask,竞卖价，即“卖一”报价（元）,float,元,0,,竞卖价，即“卖一”报价（元）
realtime_quotes,volume,成交量（src=sina时是股，src=dc时是手）,int,手,0,,成交量（src=sina时是股，src=dc时是手）
realtime_quotes,rt_amount,成交金额（元 CNY）,float,元,0,,成交金额（元 CNY）
realtime_quotes,b1_v,委买一（量，单位：手，下同）,float,手,0,,委买一（量，单位：手，下同）
realtime_quotes,b1_p,委买一（价，单位：元，下同）,float,元,0,,委买一（价，单位：元，下同）
realtime_quotes,b2_v,委买二（量）,float,手,0,,委买二（量）
realtime_quotes,b2_p,委买二（价）,float,元,0,,委买二（价）
realtime_quotes,b3_v,委买三（量）,float,手,0,,委买三（量）
realtime_quotes,b3_p,委买三（价）,float,元,0,,委买三（价）
realtime_quotes,b4_v,委买四（量）,float,手,0,,委买四（量）
realtime_quotes,b4_p,委买四（价）,float,元,0,,委买四（价）
realtime_quotes,b5_v,委买五（量）,float,手,0,,委买五（量）
realtime_quotes,b5_p,委买五（价）,float,元,0,,委买五（价）
realtime_quotes,a1_v,委卖一（量，单位：手，下同）,float,手,0,,委卖一（量，单位：手，下同）
realtime_quotes,a1_p,委卖一（价，单位：元，下同）,float,元,0,,委卖一（价，单位：元，下同）
realtime_quotes,a2_v,委卖二（量）,float,手,0,,委卖二（量）
realtime_quotes,a2_p,委卖二（价）,float,元,0,,委卖二（价）
realtime_quotes,a3_v,委卖三（量）,float,手,0,,委卖三（量）
realtime_quotes,a3_p,委卖三（价）,float,元,0,,委卖三（价）
realtime_quotes,a4_v,委卖四（量）,float,手,0,,委卖四（量）
realtime_quotes,a4_p,委卖四（价）,float,元,0,,委卖四（价）
realtime_quotes,a5_v,委卖五（量）,float,手,0,,委卖五（量）
realtime_quotes,a5_p,委卖五（价）,float,元,0,,委卖五（价）
tdx_index,ts_code,板块代码,str,无,0,,板块代码
tdx_index,trade_date,交易日期,str,无,0,YYYY-MM-DD,交易日期
tdx_index,name,板块名称,str,无,0,,板块名称
tdx_index,idx_type,板块类型,str,无,0,,板块类型
tdx_index,idx_count,成分个数,int,无,0,,成分个数
tdx_index,total_share,总股本(亿),float,无,0,,总股本(亿)
tdx_index,float_share,流通股(亿),float,无,0,,流通股(亿)
tdx_index,total_mv,总市值(亿),float,无,0,,总市值(亿)
tdx_index,float_mv,流通市值(亿),float,无,0,,流通市值(亿)
tdx_member,ts_code,板块代码,str,无,0,,板块代码
tdx_member,trade_date,交易日期,str,无,0,YYYY-MM-DD,交易日期
tdx_member,con_code,成分股票代码,str,无,0,,成分股票代码
tdx_member,con_name,成分股票名称,str,无,0,,成分股票名称
tdx_board_daily,trade_date,交易日期,str,无,0,YYYY-MM-DD,交易日期
tdx_board_daily,ts_code,板块代码,str,无,0,,板块代码（如 880728.TDX）
tdx_board_daily,open,开盘价,float,元,3,%.3f,开盘价
tdx_board_daily,high,最高价,float,元,3,%.3f,最高价
tdx_board_daily,low,最低价,float,元,3,%.3f,最低价
tdx_board_daily,close,收盘价,float,元,3,%.3f,收盘价
tdx_board_daily,pre_close,前收盘价,float,元,3,%.3f,前收盘价
tdx_board_daily,change,涨跌额,float,元,3,%.3f,涨跌额
tdx_board_daily,pct_chg,涨跌幅（%）,float,%,2,%.2f,涨跌幅（%）
tdx_board_daily,vol,成交量（手）,float,手,0,%.0f,成交量（手）
tdx_board_daily,amount,成交额（元）,float,元,2,%.2f,成交额（元）
adj_factor_daily,ts_code,股票代码,str,无,0,,股票代码
adj_factor_daily,trade_date,交易日期,str,无,0,YYYY-MM-DD,交易日期
adj_factor_daily,adj_factor,复权因子,float,无,6,%.6f,复权因子
news_major,title,标题,str,无,0,,标题
news_major,content,内容 (默认不显示，需要在fields里指定),str,无,0,,内容 (默认不显示，需要在fields里指定)
news_major,pub_time,发布时间,str,无,0,YYYY-MM-DD HH:MM:SS,发布时间
news_major,src,来源网站,str,无,0,,来源网站
fina_indicator_quarterly,ts_code,TS代码,str,无,0,,TS代码
fina_indicator_quarterly,ann_date,公告日期,str,无,0,YYYY-MM-DD,公告日期
fina_indicator_quarterly,end_date,报告期,str,无,0,YYYY-MM-DD,报告期
fina_indicator_quarterly,eps,基本每股收益,float,无,2,%.2f,基本每股收益
fina_indicator_quarterly,dt_eps,稀释每股收益,float,无,2,%.2f,稀释每股收益
fina_indicator_quarterly,total_revenue_ps,每股营业总收入,float,无,2,%.2f,每股营业总收入
fina_indicator_quarterly,revenue_ps,每股营业收入,float,无,2,%.2f,每股营业收入
fina_indicator_quarterly,capital_rese_ps,每股资本公积,float,无,2,%.2f,每股资本公积
fina_indicator_quarterly,surplus_rese_ps,每股盈余公积,float,无,2,%.2f,每股盈余公积
fina_indicator_quarterly,undist_profit_ps,每股未分配利润,float,无,2,%.2f,每股未分配利润
fina_indicator_quarterly,extra_item,非经常性损益,float,无,2,%.2f,非经常性损益
fina_indicator_quarterly,profit_dedt,扣除非经常性损益后的净利润（扣非净利润）,float,无,2,%.2f,扣除非经常性损益后的净利润（扣非净利润）
fina_indicator_quarterly,gross_margin,毛利,float,无,2,%.2f,毛利
fina_indicator_quarterly,current_ratio,流动比率,float,%,2,%.2f,流动比率
fina_indicator_quarterly,quick_ratio,速动比率,float,%,2,%.2f,速动比率
fina_indicator_quarterly,cash_ratio,保守速动比率,float,%,2,%.2f,保守速动比率
fina_indicator_quarterly,invturn_days,存货周转天数,float,无,2,%.2f,存货周转天数
fina_indicator_quarterly,arturn_days,应收账款周转天数,float,无,2,%.2f,应收账款周转天数
fina_indicator_quarterly,inv_turn,存货周转率,float,%,2,%.2f,存货周转率
fina_indicator_quarterly,ar_turn,应收账款周转率,float,%,2,%.2f,应收账款周转率
fina_indicator_quarterly,ca_turn,流动资产周转率,float,%,2,%.2f,流动资产周转率
fina_indicator_quarterly,fa_turn,固定资产周转率,float,%,2,%.2f,固定资产周转率
fina_indicator_quarterly,assets_turn,总资产周转率,float,%,2,%.2f,总资产周转率
fina_indicator_quarterly,op_income,经营活动净收益,float,无,2,%.2f,经营活动净收益
fina_indicator_quarterly,valuechange_income,价值变动净收益,float,无,2,%.2f,价值变动净收益
fina_indicator_quarterly,interst_income,利息费用,float,无,2,%.2f,利息费用
fina_indicator_quarterly,daa,折旧与摊销,float,无,2,%.2f,折旧与摊销
fina_indicator_quarterly,ebit,息税前利润,float,无,2,%.2f,息税前利润
fina_indicator_quarterly,ebitda,息税折旧摊销前利润,float,无,2,%.2f,息税折旧摊销前利润
fina_indicator_quarterly,fcff,企业自由现金流量,float,无,2,%.2f,企业自由现金流量
fina_indicator_quarterly,fcfe,股权自由现金流量,float,无,2,%.2f,股权自由现金流量
fina_indicator_quarterly,current_exint,无息流动负债,float,无,2,%.2f,无息流动负债
fina_indicator_quarterly,noncurrent_exint,无息非流动负债,float,无,2,%.2f,无息非流动负债
fina_indicator_quarterly,interestdebt,带息债务,float,无,2,%.2f,带息债务
fina_indicator_quarterly,netdebt,净债务,float,无,2,%.2f,净债务
fina_indicator_quarterly,tangible_asset,有形资产,float,无,2,%.2f,有形资产
fina_indicator_quarterly,working_capital,营运资金,float,无,2,%.2f,营运资金
fina_indicator_quarterly,networking_capital,营运流动资本,float,无,2,%.2f,营运流动资本
fina_indicator_quarterly,invest_capital,全部投入资本,float,无,2,%.2f,全部投入资本
fina_indicator_quarterly,retained_earnings,留存收益,float,无,2,%.2f,留存收益
fina_indicator_quarterly,diluted2_eps,期末摊薄每股收益,float,无,2,%.2f,期末摊薄每股收益
fina_indicator_quarterly,bps,每股净资产,float,无,2,%.2f,每股净资产
fina_indicator_quarterly,ocfps,每股经营活动产生的现金流量净额,float,无,2,%.2f,每股经营活动产生的现金流量净额
fina_indicator_quarterly,retainedps,每股留存收益,float,无,2,%.2f,每股留存收益
fina_indicator_quarterly,cfps,每股现金流量净额,float,无,2,%.2f,每股现金流量净额
fina_indicator_quarterly,ebit_ps,每股息税前利润,float,无,2,%.2f,每股息税前利润
fina_indicator_quarterly,fcff_ps,每股企业自由现金流量,float,无,2,%.2f,每股企业自由现金流量
fina_indicator_quarterly,fcfe_ps,每股股东自由现金流量,float,无,2,%.2f,每股股东自由现金流量
fina_indicator_quarterly,netprofit_margin,销售净利率,float,%,2,%.2f,销售净利率
fina_indicator_quarterly,grossprofit_margin,销售毛利率,float,%,2,%.2f,销售毛利率
fina_indicator_quarterly,cogs_of_sales,销售成本率,float,%,2,%.2f,销售成本率
fina_indicator_quarterly,expense_of_sales,销售期间费用率,float,%,2,%.2f,销售期间费用率
fina_indicator_quarterly,profit_to_gr,净利润/营业总收入,float,无,2,%.2f,净利润/营业总收入
fina_indicator_quarterly,saleexp_to_gr,销售费用/营业总收入,float,无,2,%.2f,销售费用/营业总收入
fina_indicator_quarterly,adminexp_of_gr,管理费用/营业总收入,float,无,2,%.2f,管理费用/营业总收入
fina_indicator_quarterly,finaexp_of_gr,财务费用/营业总收入,float,无,2,%.2f,财务费用/营业总收入
fina_indicator_quarterly,impai_ttm,资产减值损失/营业总收入,float,无,2,%.2f,资产减值损失/营业总收入
fina_indicator_quarterly,gc_of_gr,营业总成本/营业总收入,float,无,2,%.2f,营业总成本/营业总收入
fina_indicator_quarterly,op_of_gr,营业利润/营业总收入,float,无,2,%.2f,营业利润/营业总收入
fina_indicator_quarterly,ebit_of_gr,息税前利润/营业总收入,float,无,2,%.2f,息税前利润/营业总收入
fina_indicator_quarterly,roe,净资产收益率,float,%,2,%.2f,净资产收益率
fina_indicator_quarterly,roe_waa,加权平均净资产收益率,float,%,2,%.2f,加权平均净资产收益率
fina_indicator_quarterly,roe_dt,净资产收益率(扣除非经常损益),float,%,2,%.2f,净资产收益率(扣除非经常损益)
fina_indicator_quarterly,roa,总资产报酬率,float,%,2,%.2f,总资产报酬率
fina_indicator_quarterly,npta,总资产净利润,float,无,2,%.2f,总资产净利润
fina_indicator_quarterly,roic,投入资本回报率,float,%,2,%.2f,投入资本回报率
fina_indicator_quarterly,roe_yearly,年化净资产收益率,float,%,2,%.2f,年化净资产收益率
fina_indicator_quarterly,roa2_yearly,年化总资产报酬率,float,%,2,%.2f,年化总资产报酬率
fina_indicator_quarterly,roe_avg,平均净资产收益率(增发条件),float,%,2,%.2f,平均净资产收益率(增发条件)
fina_indicator_quarterly,opincome_of_ebt,经营活动净收益/利润总额,float,无,2,%.2f,经营活动净收益/利润总额
fina_indicator_quarterly,investincome_of_ebt,价值变动净收益/利润总额,float,无,2,%.2f,价值变动净收益/利润总额
fina_indicator_quarterly,n_op_profit_of_ebt,营业外收支净额/利润总额,float,无,2,%.2f,营业外收支净额/利润总额
fina_indicator_quarterly,tax_to_ebt,所得税/利润总额,float,无,2,%.2f,所得税/利润总额
fina_indicator_quarterly,dtprofit_to_profit,扣除非经常损益后的净利润/净利润,float,无,2,%.2f,扣除非经常损益后的净利润/净利润
fina_indicator_quarterly,salescash_to_or,销售商品提供劳务收到的现金/营业收入,float,无,2,%.2f,销售商品提供劳务收到的现金/营业收入
fina_indicator_quarterly,ocf_to_or,经营活动产生的现金流量净额/营业收入,float,无,2,%.2f,经营活动产生的现金流量净额/营业收入
fina_indicator_quarterly,ocf_to_opincome,经营活动产生的现金流量净额/经营活动净收益,float,无,2,%.2f,经营活动产生的现金流量净额/经营活动净收益
fina_indicator_quarterly,capitalized_to_da,资本支出/折旧和摊销,float,无,2,%.2f,资本支出/折旧和摊销
fina_indicator_quarterly,debt_to_assets,资产负债率,float,%,2,%.2f,资产负债率
fina_indicator_quarterly,assets_to_eqt,权益乘数,float,无,2,%.2f,权益乘数
fina_indicator_quarterly,dp_assets_to_eqt,权益乘数(杜邦分析),float,无,2,%.2f,权益乘数(杜邦分析)
fina_indicator_quarterly,ca_to_assets,流动资产/总资产,float,无,2,%.2f,流动资产/总资产
fina_indicator_quarterly,nca_to_assets,非流动资产/总资产,float,无,2,%.2f,非流动资产/总资产
fina_indicator_quarterly,tbassets_to_totalassets,有形资产/总资产,float,无,2,%.2f,有形资产/总资产
fina_indicator_quarterly,int_to_talcap,带息债务/全部投入资本,float,无,2,%.2f,带息债务/全部投入资本
fina_indicator_quarterly,eqt_to_talcapital,归属于母公司的股东权益/全部投入资本,float,无,2,%.2f,归属于母公司的股东权益/全部投入资本
fina_indicator_quarterly,currentdebt_to_debt,流动负债/负债合计,float,无,2,%.2f,流动负债/负债合计
fina_indicator_quarterly,longdeb_to_debt,非流动负债/负债合计,float,无,2,%.2f,非流动负债/负债合计
fina_indicator_quarterly,ocf_to_shortdebt,经营活动产生的现金流量净额/流动负债,float,无,2,%.2f,经营活动产生的现金流量净额/流动负债
fina_indicator_quarterly,debt_to_eqt,产权比率,float,%,2,%.2f,产权比率
fina_indicator_quarterly,eqt_to_debt,归属于母公司的股东权益/负债合计,float,无,2,%.2f,归属于母公司的股东权益/负债合计
fina_indicator_quarterly,eqt_to_interestdebt,归属于母公司的股东权益/带息债务,float,无,2,%.2f,归属于母公司的股东权益/带息债务
fina_indicator_quarterly,tangibleasset_to_debt,有形资产/负债合计,float,无,2,%.2f,有形资产/负债合计
fina_indicator_quarterly,tangasset_to_intdebt,有形资产/带息债务,float,无,2,%.2f,有形资产/带息债务
fina_indicator_quarterly,tangibleasset_to_netdebt,有形资产/净债务,float,无,2,%.2f,有形资产/净债务
fina_indicator_quarterly,ocf_to_debt,经营活动产生的现金流量净额/负债合计,float,无,2,%.2f,经营活动产生的现金流量净额/负债合计
fina_indicator_quarterly,ocf_to_interestdebt,经营活动产生的现金流量净额/带息债务,float,无,2,%.2f,经营活动产生的现金流量净额/带息债务
fina_indicator_quarterly,ocf_to_netdebt,经营活动产生的现金流量净额/净债务,float,无,2,%.2f,经营活动产生的现金流量净额/净债务
fina_indicator_quarterly,ebit_to_interest,已获利息倍数(EBIT/利息费用),float,无,2,%.2f,已获利息倍数(EBIT/利息费用)
fina_indicator_quarterly,longdebt_to_workingcapital,长期债务与营运资金比率,float,%,2,%.2f,长期债务与营运资金比率
fina_indicator_quarterly,ebitda_to_debt,息税折旧摊销前利润/负债合计,float,无,2,%.2f,息税折旧摊销前利润/负债合计
fina_indicator_quarterly,turn_days,营业周期,float,无,2,%.2f,营业周期
fina_indicator_quarterly,roa_yearly,年化总资产净利率,float,%,2,%.2f,年化总资产净利率
fina_indicator_quarterly,roa_dp,总资产净利率(杜邦分析),float,%,2,%.2f,总资产净利率(杜邦分析)
fina_indicator_quarterly,fixed_assets,固定资产合计,float,无,2,%.2f,固定资产合计
fina_indicator_quarterly,profit_prefin_exp,扣除财务费用前营业利润,float,无,2,%.2f,扣除财务费用前营业利润
fina_indicator_quarterly,non_op_profit,非营业利润,float,无,2,%.2f,非营业利润
fina_indicator_quarterly,op_to_ebt,营业利润／利润总额,float,无,2,%.2f,营业利润／利润总额
fina_indicator_quarterly,nop_to_ebt,非营业利润／利润总额,float,无,2,%.2f,非营业利润／利润总额
fina_indicator_quarterly,ocf_to_profit,经营活动产生的现金流量净额／营业利润,float,无,2,%.2f,经营活动产生的现金流量净额／营业利润
fina_indicator_quarterly,cash_to_liqdebt,货币资金／流动负债,float,无,2,%.2f,货币资金／流动负债
fina_indicator_quarterly,cash_to_liqdebt_withinterest,货币资金／带息流动负债,float,无,2,%.2f,货币资金／带息流动负债
fina_indicator_quarterly,op_to_liqdebt,营业利润／流动负债,float,无,2,%.2f,营业利润／流动负债
fina_indicator_quarterly,op_to_debt,营业利润／负债合计,float,无,2,%.2f,营业利润／负债合计
fina_indicator_quarterly,roic_yearly,年化投入资本回报率,float,%,2,%.2f,年化投入资本回报率
fina_indicator_quarterly,total_fa_trun,固定资产合计周转率,float,%,2,%.2f,固定资产合计周转率
fina_indicator_quarterly,profit_to_op,利润总额／营业收入,float,无,2,%.2f,利润总额／营业收入
fina_indicator_quarterly,q_opincome,经营活动单季度净收益,float,无,2,%.2f,经营活动单季度净收益
fina_indicator_quarterly,q_investincome,价值变动单季度净收益,float,无,2,%.2f,价值变动单季度净收益
fina_indicator_quarterly,q_dtprofit,扣除非经常损益后的单季度净利润,float,无,2,%.2f,扣除非经常损益后的单季度净利润
fina_indicator_quarterly,q_eps,每股收益(单季度),float,无,2,%.2f,每股收益(单季度)
fina_indicator_quarterly,q_netprofit_margin,销售净利率(单季度),float,%,2,%.2f,销售净利率(单季度)
fina_indicator_quarterly,q_gsprofit_margin,销售毛利率(单季度),float,%,2,%.2f,销售毛利率(单季度)
fina_indicator_quarterly,q_exp_to_sales,销售期间费用率(单季度),float,%,2,%.2f,销售期间费用率(单季度)
fina_indicator_quarterly,q_profit_to_gr,净利润／营业总收入(单季度),float,无,2,%.2f,净利润／营业总收入(单季度)
fina_indicator_quarterly,q_saleexp_to_gr,销售费用／营业总收入 (单季度),float,无,2,%.2f,销售费用／营业总收入 (单季度)
fina_indicator_quarterly,q_adminexp_to_gr,管理费用／营业总收入 (单季度),float,无,2,%.2f,管理费用／营业总收入 (单季度)
fina_indicator_quarterly,q_finaexp_to_gr,财务费用／营业总收入 (单季度),float,无,2,%.2f,财务费用／营业总收入 (单季度)
fina_indicator_quarterly,q_impair_to_gr_ttm,资产减值损失／营业总收入(单季度),float,无,2,%.2f,资产减值损失／营业总收入(单季度)
fina_indicator_quarterly,q_gc_to_gr,营业总成本／营业总收入 (单季度),float,无,2,%.2f,营业总成本／营业总收入 (单季度)
fina_indicator_quarterly,q_op_to_gr,营业利润／营业总收入(单季度),float,无,2,%.2f,营业利润／营业总收入(单季度)
fina_indicator_quarterly,q_roe,净资产收益率(单季度),float,%,2,%.2f,净资产收益率(单季度)
fina_indicator_quarterly,q_dt_roe,净资产单季度收益率(扣除非经常损益),float,%,2,%.2f,净资产单季度收益率(扣除非经常损益)
fina_indicator_quarterly,q_npta,总资产净利润(单季度),float,无,2,%.2f,总资产净利润(单季度)
fina_indicator_quarterly,q_opincome_to_ebt,经营活动净收益／利润总额(单季度),float,无,2,%.2f,经营活动净收益／利润总额(单季度)
fina_indicator_quarterly,q_investincome_to_ebt,价值变动净收益／利润总额(单季度),float,无,2,%.2f,价值变动净收益／利润总额(单季度)
fina_indicator_quarterly,q_dtprofit_to_profit,扣除非经常损益后的净利润／净利润(单季度),float,无,2,%.2f,扣除非经常损益后的净利润／净利润(单季度)
fina_indicator_quarterly,q_salescash_to_or,销售商品提供劳务收到的现金／营业收入(单季度),float,无,2,%.2f,销售商品提供劳务收到的现金／营业收入(单季度)
fina_indicator_quarterly,q_ocf_to_sales,经营活动产生的现金流量净额／营业收入(单季度),float,无,2,%.2f,经营活动产生的现金流量净额／营业收入(单季度)
fina_indicator_quarterly,q_ocf_to_or,经营活动产生的现金流量净额／经营活动净收益(单季度),float,无,2,%.2f,经营活动产生的现金流量净额／经营活动净收益(单季度)
fina_indicator_quarterly,basic_eps_yoy,基本每股收益同比增长率(%),float,%,2,%.2f,基本每股收益同比增长率(%)
fina_indicator_quarterly,dt_eps_yoy,稀释每股收益同比增长率(%),float,%,2,%.2f,稀释每股收益同比增长率(%)
fina_indicator_quarterly,cfps_yoy,每股经营活动产生的现金流量净额同比增长率(%),float,%,2,%.2f,每股经营活动产生的现金流量净额同比增长率(%)
fina_indicator_quarterly,op_yoy,营业利润同比增长率(%),float,%,2,%.2f,营业利润同比增长率(%)
fina_indicator_quarterly,ebt_yoy,利润总额同比增长率(%),float,%,2,%.2f,利润总额同比增长率(%)
fina_indicator_quarterly,netprofit_yoy,归属母公司股东的净利润同比增长率(%),float,%,2,%.2f,归属母公司股东的净利润同比增长率(%)
fina_indicator_quarterly,dt_netprofit_yoy,归属母公司股东的净利润-扣除非经常损益同比增长率(%),float,%,2,%.2f,归属母公司股东的净利润-扣除非经常损益同比增长率(%)
fina_indicator_quarterly,ocf_yoy,经营活动产生的现金流量净额同比增长率(%),float,%,2,%.2f,经营活动产生的现金流量净额同比增长率(%)
fina_indicator_quarterly,roe_yoy,净资产收益率(摊薄)同比增长率(%),float,%,2,%.2f,净资产收益率(摊薄)同比增长率(%)
fina_indicator_quarterly,bps_yoy,每股净资产相对年初增长率(%),float,%,2,%.2f,每股净资产相对年初增长率(%)
fina_indicator_quarterly,assets_yoy,资产总计相对年初增长率(%),float,%,2,%.2f,资产总计相对年初增长率(%)
fina_indicator_quarterly,eqt_yoy,归属母公司的股东权益相对年初增长率(%),float,%,2,%.2f,归属母公司的股东权益相对年初增长率(%)
fina_indicator_quarterly,tr_yoy,营业总收入同比增长率(%),float,%,2,%.2f,营业总收入同比增长率(%)
fina_indicator_quarterly,or_yoy,营业收入同比增长率(%),float,%,2,%.2f,营业收入同比增长率(%)
fina_indicator_quarterly,q_gr_yoy,营业总收入同比增长率(%)(单季度),float,%,2,%.2f,营业总收入同比增长率(%)(单季度)
fina_indicator_quarterly,q_gr_qoq,营业总收入环比增长率(%)(单季度),float,%,2,%.2f,营业总收入环比增长率(%)(单季度)
fina_indicator_quarterly,q_sales_yoy,营业收入同比增长率(%)(单季度),float,%,2,%.2f,营业收入同比增长率(%)(单季度)
fina_indicator_quarterly,q_sales_qoq,营业收入环比增长率(%)(单季度),float,%,2,%.2f,营业收入环比增长率(%)(单季度)
fina_indicator_quarterly,q_op_yoy,营业利润同比增长率(%)(单季度),float,%,2,%.2f,营业利润同比增长率(%)(单季度)
fina_indicator_quarterly,q_op_qoq,营业利润环比增长率(%)(单季度),float,%,2,%.2f,营业利润环比增长率(%)(单季度)
fina_indicator_quarterly,q_profit_yoy,净利润同比增长率(%)(单季度),float,%,2,%.2f,净利润同比增长率(%)(单季度)
fina_indicator_quarterly,q_profit_qoq,净利润环比增长率(%)(单季度),float,%,2,%.2f,净利润环比增长率(%)(单季度)
fina_indicator_quarterly,q_netprofit_yoy,归属母公司股东的净利润同比增长率(%)(单季度),float,%,2,%.2f,归属母公司股东的净利润同比增长率(%)(单季度)
fina_indicator_quarterly,q_netprofit_qoq,归属母公司股东的净利润环比增长率(%)(单季度),float,%,2,%.2f,归属母公司股东的净利润环比增长率(%)(单季度)
fina_indicator_quarterly,equity_yoy,净资产同比增长率,float,%,2,%.2f,净资产同比增长率
fina_indicator_quarterly,rd_exp,研发费用,float,无,2,%.2f,研发费用
fina_indicator_quarterly,update_flag,更新标识,str,无,0,,更新标识
income_quarterly,ts_code,TS代码,str,无,0,,TS代码
income_quarterly,ann_date,公告日期,str,无,0,YYYY-MM-DD,公告日期
income_quarterly,f_ann_date,实际公告日期,str,无,0,YYYY-MM-DD,实际公告日期
income_quarterly,end_date,报告期,str,无,0,YYYY-MM-DD,报告期
income_quarterly,report_type,报告类型 见底部表,str,无,0,,报告类型 见底部表
income_quarterly,comp_type,公司类型(1一般工商业2银行3保险4证券),str,无,0,,公司类型(1一般工商业2银行3保险4证券)
income_quarterly,end_type,报告期类型,str,无,0,,报告期类型
income_quarterly,basic_eps,基本每股收益,float,无,2,%.2f,基本每股收益
income_quarterly,diluted_eps,稀释每股收益,float,无,2,%.2f,稀释每股收益
income_quarterly,total_revenue,营业总收入,float,无,2,%.2f,营业总收入
income_quarterly,revenue,营业收入,float,无,2,%.2f,营业收入
income_quarterly,int_income,利息收入,float,无,2,%.2f,利息收入
income_quarterly,prem_earned,已赚保费,float,无,2,%.2f,已赚保费
income_quarterly,comm_income,手续费及佣金收入,float,无,2,%.2f,手续费及佣金收入
income_quarterly,n_commis_income,手续费及佣金净收入,float,无,2,%.2f,手续费及佣金净收入
income_quarterly,n_oth_income,其他经营净收益,float,无,2,%.2f,其他经营净收益
income_quarterly,n_oth_b_income,加:其他业务净收益,float,无,2,%.2f,加:其他业务净收益
income_quarterly,prem_income,保险业务收入,float,无,2,%.2f,保险业务收入
income_quarterly,out_prem,减:分出保费,float,无,2,%.2f,减:分出保费
income_quarterly,une_prem_reser,提取未到期责任准备金,float,无,2,%.2f,提取未到期责任准备金
income_quarterly,reins_income,其中:分保费收入,float,无,2,%.2f,其中:分保费收入
income_quarterly,n_sec_tb_income,代理买卖证券业务净收入,float,无,2,%.2f,代理买卖证券业务净收入
income_quarterly,n_sec_uw_income,证券承销业务净收入,float,无,2,%.2f,证券承销业务净收入
income_quarterly,n_asset_mg_income,受托客户资产管理业务净收入,float,无,2,%.2f,受托客户资产管理业务净收入
income_quarterly,oth_b_income,其他业务收入,float,无,2,%.2f,其他业务收入
income_quarterly,fv_value_chg_gain,加:公允价值变动净收益,float,无,2,%.2f,加:公允价值变动净收益
income_quarterly,invest_income,加:投资净收益,float,无,2,%.2f,加:投资净收益
income_quarterly,ass_invest_income,其中:对联营企业和合营企业的投资收益,float,无,2,%.2f,其中:对联营企业和合营企业的投资收益
income_quarterly,forex_gain,加:汇兑净收益,float,无,2,%.2f,加:汇兑净收益
income_quarterly,total_cogs,营业总成本,float,无,2,%.2f,营业总成本
income_quarterly,oper_cost,减:营业成本,float,无,2,%.2f,减:营业成本
income_quarterly,int_exp,减:利息支出,float,无,2,%.2f,减:利息支出
income_quarterly,comm_exp,减:手续费及佣金支出,float,无,2,%.2f,减:手续费及佣金支出
income_quarterly,biz_tax_surchg,减:营业税金及附加,float,无,2,%.2f,减:营业税金及附加
income_quarterly,sell_exp,减:销售费用,float,无,2,%.2f,减:销售费用
income_quarterly,admin_exp,减:管理费用,float,无,2,%.2f,减:管理费用
income_quarterly,fin_exp,减:财务费用,float,无,2,%.2f,减:财务费用
income_quarterly,assets_impair_loss,减:资产减值损失,float,无,2,%.2f,减:资产减值损失
income_quarterly,prem_refund,退保金,float,无,2,%.2f,退保金
income_quarterly,compens_payout,赔付总支出,float,无,2,%.2f,赔付总支出
income_quarterly,reser_insur_liab,提取保险责任准备金,float,无,2,%.2f,提取保险责任准备金
income_quarterly,div_payt,保户红利支出,float,无,2,%.2f,保户红利支出
income_quarterly,reins_exp,分保费用,float,无,2,%.2f,分保费用
income_quarterly,oper_exp,营业支出,float,无,2,%.2f,营业支出
income_quarterly,compens_payout_refu,减:摊回赔付支出,float,无,2,%.2f,减:摊回赔付支出
income_quarterly,insur_reser_refu,减:摊回保险责任准备金,float,无,2,%.2f,减:摊回保险责任准备金
income_quarterly,reins_cost_refund,减:摊回分保费用,float,无,2,%.2f,减:摊回分保费用
income_quarterly,other_bus_cost,其他业务成本,float,无,2,%.2f,其他业务成本
income_quarterly,operate_profit,营业利润,float,无,2,%.2f,营业利润
income_quarterly,non_oper_income,加:营业外收入,float,无,2,%.2f,加:营业外收入
income_quarterly,non_oper_exp,减:营业外支出,float,无,2,%.2f,减:营业外支出
income_quarterly,nca_disploss,其中:减:非流动资产处置净损失,float,无,2,%.2f,其中:减:非流动资产处置净损失
income_quarterly,total_profit,利润总额,float,无,2,%.2f,利润总额
income_quarterly,income_tax,所得税费用,float,无,2,%.2f,所得税费用
income_quarterly,n_income,净利润(含少数股东损益),float,无,2,%.2f,净利润(含少数股东损益)
income_quarterly,n_income_attr_p,净利润(不含少数股东损益),float,无,2,%.2f,净利润(不含少数股东损益)
income_quarterly,minority_gain,少数股东损益,float,无,2,%.2f,少数股东损益
income_quarterly,oth_compr_income,其他综合收益,float,无,2,%.2f,其他综合收益
income_quarterly,t_compr_income,综合收益总额,float,无,2,%.2f,综合收益总额
income_quarterly,compr_inc_attr_p,归属于母公司(或股东)的综合收益总额,float,无,2,%.2f,归属于母公司(或股东)的综合收益总额
income_quarterly,compr_inc_attr_m_s,归属于少数股东的综合收益总额,float,无,2,%.2f,归属于少数股东的综合收益总额
income_quarterly,ebit,息税前利润,float,无,2,%.2f,息税前利润
income_quarterly,ebitda,息税折旧摊销前利润,float,无,2,%.2f,息税折旧摊销前利润
income_quarterly,insurance_exp,保险业务支出,float,无,2,%.2f,保险业务支出
income_quarterly,undist_profit,年初未分配利润,float,无,2,%.2f,年初未分配利润
income_quarterly,distable_profit,可分配利润,float,无,2,%.2f,可分配利润
income_quarterly,rd_exp,研发费用,float,无,2,%.2f,研发费用
income_quarterly,fin_exp_int_exp,财务费用:利息费用,float,无,2,%.2f,财务费用:利息费用
income_quarterly,fin_exp_int_inc,财务费用:利息收入,float,无,2,%.2f,财务费用:利息收入
income_quarterly,transfer_surplus_rese,盈余公积转入,float,无,2,%.2f,盈余公积转入
income_quarterly,transfer_housing_imprest,住房周转金转入,float,无,2,%.2f,住房周转金转入
income_quarterly,transfer_oth,其他转入,float,无,2,%.2f,其他转入
income_quarterly,adj_lossgain,调整以前年度损益,float,无,2,%.2f,调整以前年度损益
income_quarterly,withdra_legal_surplus,提取法定盈余公积,float,无,2,%.2f,提取法定盈余公积
income_quarterly,withdra_legal_pubfund,提取法定公益金,float,无,2,%.2f,提取法定公益金
income_quarterly,withdra_biz_devfund,提取企业发展基金,float,无,2,%.2f,提取企业发展基金
income_quarterly,withdra_rese_fund,提取储备基金,float,无,2,%.2f,提取储备基金
income_quarterly,withdra_oth_ersu,提取任意盈余公积金,float,无,2,%.2f,提取任意盈余公积金
income_quarterly,workers_welfare,职工奖金福利,float,无,2,%.2f,职工奖金福利
income_quarterly,distr_profit_shrhder,可供股东分配的利润,float,无,2,%.2f,可供股东分配的利润
income_quarterly,prfshare_payable_dvd,应付优先股股利,float,无,2,%.2f,应付优先股股利
income_quarterly,comshare_payable_dvd,应付普通股股利,float,无,2,%.2f,应付普通股股利
income_quarterly,capit_comstock_div,转作股本的普通股股利,float,无,2,%.2f,转作股本的普通股股利
income_quarterly,net_after_nr_lp_correct,扣除非经常性损益后的净利润（更正前）,float,无,2,%.2f,扣除非经常性损益后的净利润（更正前）
income_quarterly,credit_impa_loss,信用减值损失,float,无,2,%.2f,信用减值损失
income_quarterly,net_expo_hedging_benefits,净敞口套期收益,float,无,2,%.2f,净敞口套期收益
income_quarterly,oth_impair_loss_assets,其他资产减值损失,float,无,2,%.2f,其他资产减值损失
income_quarterly,total_opcost,营业总成本（二）,float,无,2,%.2f,营业总成本（二）
income_quarterly,amodcost_fin_assets,以摊余成本计量的金融资产终止确认收益,float,无,2,%.2f,以摊余成本计量的金融资产终止确认收益
income_quarterly,oth_income,其他收益,float,无,2,%.2f,其他收益
income_quarterly,asset_disp_income,资产处置收益,float,无,2,%.2f,资产处置收益
income_quarterly,continued_net_profit,持续经营净利润,float,无,2,%.2f,持续经营净利润
income_quarterly,end_net_profit,终止经营净利润,float,无,2,%.2f,终止经营净利润
income_quarterly,update_flag,更新标识,str,无,0,,更新标识
balancesheet_quarterly,ts_code,TS股票代码,str,无,0,,TS股票代码
balancesheet_quarterly,ann_date,公告日期,str,无,0,YYYY-MM-DD,公告日期
balancesheet_quarterly,f_ann_date,实际公告日期,str,无,0,YYYY-MM-DD,实际公告日期
balancesheet_quarterly,end_date,报告期,str,无,0,YYYY-MM-DD,报告期
balancesheet_quarterly,report_type,报表类型,str,无,0,,报表类型
balancesheet_quarterly,comp_type,公司类型(1一般工商业2银行3保险4证券),str,无,0,,公司类型(1一般工商业2银行3保险4证券)
balancesheet_quarterly,end_type,报告期类型,str,无,0,,报告期类型
balancesheet_quarterly,total_share,期末总股本,float,无,2,%.2f,期末总股本
balancesheet_quarterly,cap_rese,资本公积金,float,无,2,%.2f,资本公积金
balancesheet_quarterly,undistr_porfit,未分配利润,float,无,2,%.2f,未分配利润
balancesheet_quarterly,surplus_rese,盈余公积金,float,无,2,%.2f,盈余公积金
balancesheet_quarterly,special_rese,专项储备,float,无,2,%.2f,专项储备
balancesheet_quarterly,money_cap,货币资金,float,无,2,%.2f,货币资金
balancesheet_quarterly,trad_asset,交易性金融资产,float,无,2,%.2f,交易性金融资产
balancesheet_quarterly,notes_receiv,应收票据,float,无,2,%.2f,应收票据
balancesheet_quarterly,accounts_receiv,应收账款,float,无,2,%.2f,应收账款
balancesheet_quarterly,oth_receiv,其他应收款,float,无,2,%.2f,其他应收款
balancesheet_quarterly,prepayment,预付款项,float,无,2,%.2f,预付款项
balancesheet_quarterly,div_receiv,应收股利,float,无,2,%.2f,应收股利
balancesheet_quarterly,int_receiv,应收利息,float,无,2,%.2f,应收利息
balancesheet_quarterly,inventories,存货,float,无,2,%.2f,存货
balancesheet_quarterly,amor_exp,待摊费用,float,无,2,%.2f,待摊费用
balancesheet_quarterly,nca_within_1y,一年内到期的非流动资产,float,无,2,%.2f,一年内到期的非流动资产
balancesheet_quarterly,sett_rsrv,结算备付金,float,无,2,%.2f,结算备付金
balancesheet_quarterly,loanto_oth_bank_fi,拆出资金,float,无,2,%.2f,拆出资金
balancesheet_quarterly,premium_receiv,应收保费,float,无,2,%.2f,应收保费
balancesheet_quarterly,reinsur_receiv,应收分保账款,float,无,2,%.2f,应收分保账款
balancesheet_quarterly,reinsur_res_receiv,应收分保合同准备金,float,无,2,%.2f,应收分保合同准备金
balancesheet_quarterly,pur_resale_fa,买入返售金融资产,float,无,2,%.2f,买入返售金融资产
balancesheet_quarterly,oth_cur_assets,其他流动资产,float,无,2,%.2f,其他流动资产
balancesheet_quarterly,total_cur_assets,流动资产合计,float,无,2,%.2f,流动资产合计
balancesheet_quarterly,fa_avail_for_sale,可供出售金融资产,float,无,2,%.2f,可供出售金融资产
balancesheet_quarterly,htm_invest,持有至到期投资,float,无,2,%.2f,持有至到期投资
balancesheet_quarterly,lt_eqt_invest,长期股权投资,float,无,2,%.2f,长期股权投资
balancesheet_quarterly,invest_real_estate,投资性房地产,float,无,2,%.2f,投资性房地产
balancesheet_quarterly,time_deposits,定期存款,float,无,2,%.2f,定期存款
balancesheet_quarterly,oth_assets,其他资产,float,无,2,%.2f,其他资产
balancesheet_quarterly,lt_rec,长期应收款,float,无,2,%.2f,长期应收款
balancesheet_quarterly,fix_assets,固定资产,float,无,2,%.2f,固定资产
balancesheet_quarterly,cip,在建工程,float,无,2,%.2f,在建工程
balancesheet_quarterly,const_materials,工程物资,float,无,2,%.2f,工程物资
balancesheet_quarterly,fixed_assets_disp,固定资产清理,float,无,2,%.2f,固定资产清理
balancesheet_quarterly,produc_bio_assets,生产性生物资产,float,无,2,%.2f,生产性生物资产
balancesheet_quarterly,oil_and_gas_assets,油气资产,float,无,2,%.2f,油气资产
balancesheet_quarterly,intan_assets,无形资产,float,无,2,%.2f,无形资产
balancesheet_quarterly,r_and_d,研发支出,float,无,2,%.2f,研发支出
balancesheet_quarterly,goodwill,商誉,float,无,2,%.2f,商誉
balancesheet_quarterly,lt_amor_exp,长期待摊费用,float,无,2,%.2f,长期待摊费用
balancesheet_quarterly,defer_tax_assets,递延所得税资产,float,无,2,%.2f,递延所得税资产
balancesheet_quarterly,decr_in_disbur,发放贷款及垫款,float,无,2,%.2f,发放贷款及垫款
balancesheet_quarterly,oth_nca,其他非流动资产,float,无,2,%.2f,其他非流动资产
balancesheet_quarterly,total_nca,非流动资产合计,float,无,2,%.2f,非流动资产合计
balancesheet_quarterly,cash_reser_cb,现金及存放中央银行款项,float,无,2,%.2f,现金及存放中央银行款项
balancesheet_quarterly,depos_in_oth_bfi,存放同业和其它金融机构款项,float,无,2,%.2f,存放同业和其它金融机构款项
balancesheet_quarterly,prec_metals,贵金属,float,无,2,%.2f,贵金属
balancesheet_quarterly,deriv_assets,衍生金融资产,float,无,2,%.2f,衍生金融资产
balancesheet_quarterly,rr_reins_une_prem,应收分保未到期责任准备金,float,无,2,%.2f,应收分保未到期责任准备金
balancesheet_quarterly,rr_reins_outstd_cla,应收分保未决赔款准备金,float,无,2,%.2f,应收分保未决赔款准备金
balancesheet_quarterly,rr_reins_lins_liab,应收分保寿险责任准备金,float,无,2,%.2f,应收分保寿险责任准备金
balancesheet_quarterly,rr_reins_lthins_liab,应收分保长期健康险责任准备金,float,无,2,%.2f,应收分保长期健康险责任准备金
balancesheet_quarterly,refund_depos,存出保证金,float,无,2,%.2f,存出保证金
balancesheet_quarterly,ph_pledge_loans,保户质押贷款,float,无,2,%.2f,保户质押贷款
balancesheet_quarterly,refund_cap_depos,存出资本保证金,float,无,2,%.2f,存出资本保证金
balancesheet_quarterly,indep_acct_assets,独立账户资产,float,无,2,%.2f,独立账户资产
balancesheet_quarterly,client_depos,其中：客户资金存款,float,无,2,%.2f,其中：客户资金存款
balancesheet_quarterly,client_prov,其中：客户备付金,float,无,2,%.2f,其中：客户备付金
balancesheet_quarterly,transac_seat_fee,其中:交易席位费,float,无,2,%.2f,其中:交易席位费
balancesheet_quarterly,invest_as_receiv,应收款项类投资,float,无,2,%.2f,应收款项类投资
balancesheet_quarterly,total_assets,资产总计,float,无,2,%.2f,资产总计
balancesheet_quarterly,lt_borr,长期借款,float,无,2,%.2f,长期借款
balancesheet_quarterly,st_borr,短期借款,float,无,2,%.2f,短期借款
balancesheet_quarterly,cb_borr,向中央银行借款,float,无,2,%.2f,向中央银行借款
balancesheet_quarterly,depos_ib_deposits,吸收存款及同业存放,float,无,2,%.2f,吸收存款及同业存放
balancesheet_quarterly,loan_oth_bank,拆入资金,float,无,2,%.2f,拆入资金
balancesheet_quarterly,trading_fl,交易性金融负债,float,无,2,%.2f,交易性金融负债
balancesheet_quarterly,notes_payable,应付票据,float,无,2,%.2f,应付票据
balancesheet_quarterly,acct_payable,应付账款,float,无,2,%.2f,应付账款
balancesheet_quarterly,adv_receipts,预收款项,float,无,2,%.2f,预收款项
balancesheet_quarterly,sold_for_repur_fa,卖出回购金融资产款,float,无,2,%.2f,卖出回购金融资产款
balancesheet_quarterly,comm_payable,应付手续费及佣金,float,无,2,%.2f,应付手续费及佣金
balancesheet_quarterly,payroll_payable,应付职工薪酬,float,无,2,%.2f,应付职工薪酬
balancesheet_quarterly,taxes_payable,应交税费,float,无,2,%.2f,应交税费
balancesheet_quarterly,int_payable,应付利息,float,无,2,%.2f,应付利息
balancesheet_quarterly,div_payable,应付股利,float,无,2,%.2f,应付股利
balancesheet_quarterly,oth_payable,其他应付款,float,无,2,%.2f,其他应付款
balancesheet_quarterly,acc_exp,预提费用,float,无,2,%.2f,预提费用
balancesheet_quarterly,deferred_inc,递延收益,float,无,2,%.2f,递延收益
balancesheet_quarterly,st_bonds_payable,应付短期债券,float,无,2,%.2f,应付短期债券
balancesheet_quarterly,payable_to_reinsurer,应付分保账款,float,无,2,%.2f,应付分保账款
balancesheet_quarterly,rsrv_insur_cont,保险合同准备金,float,无,2,%.2f,保险合同准备金
balancesheet_quarterly,acting_trading_sec,代理买卖证券款,float,无,2,%.2f,代理买卖证券款
balancesheet_quarterly,acting_uw_sec,代理承销证券款,float,无,2,%.2f,代理承销证券款
balancesheet_quarterly,non_cur_liab_due_1y,一年内到期的非流动负债,float,无,2,%.2f,一年内到期的非流动负债
balancesheet_quarterly,oth_cur_liab,其他流动负债,float,无,2,%.2f,其他流动负债
balancesheet_quarterly,total_cur_liab,流动负债合计,float,无,2,%.2f,流动负债合计
balancesheet_quarterly,bond_payable,应付债券,float,无,2,%.2f,应付债券
balancesheet_quarterly,lt_payable,长期应付款,float,无,2,%.2f,长期应付款
balancesheet_quarterly,specific_payables,专项应付款,float,无,2,%.2f,专项应付款
balancesheet_quarterly,estimated_liab,预计负债,float,无,2,%.2f,预计负债
balancesheet_quarterly,defer_tax_liab,递延所得税负债,float,无,2,%.2f,递延所得税负债
balancesheet_quarterly,defer_inc_non_cur_liab,递延收益-非流动负债,float,无,2,%.2f,递延收益-非流动负债
balancesheet_quarterly,oth_ncl,其他非流动负债,float,无,2,%.2f,其他非流动负债
balancesheet_quarterly,total_ncl,非流动负债合计,float,无,2,%.2f,非流动负债合计
balancesheet_quarterly,depos_oth_bfi,同业和其它金融机构存放款项,float,无,2,%.2f,同业和其它金融机构存放款项
balancesheet_quarterly,deriv_liab,衍生金融负债,float,无,2,%.2f,衍生金融负债
balancesheet_quarterly,depos,吸收存款,float,无,2,%.2f,吸收存款
balancesheet_quarterly,agency_bus_liab,代理业务负债,float,无,2,%.2f,代理业务负债
balancesheet_quarterly,oth_liab,其他负债,float,无,2,%.2f,其他负债
balancesheet_quarterly,prem_receiv_adva,预收保费,float,无,2,%.2f,预收保费
balancesheet_quarterly,depos_received,存入保证金,float,无,2,%.2f,存入保证金
balancesheet_quarterly,ph_invest,保户储金及投资款,float,无,2,%.2f,保户储金及投资款
balancesheet_quarterly,reser_une_prem,未到期责任准备金,float,无,2,%.2f,未到期责任准备金
balancesheet_quarterly,reser_outstd_claims,未决赔款准备金,float,无,2,%.2f,未决赔款准备金
balancesheet_quarterly,reser_lins_liab,寿险责任准备金,float,无,2,%.2f,寿险责任准备金
balancesheet_quarterly,reser_lthins_liab,长期健康险责任准备金,float,无,2,%.2f,长期健康险责任准备金
balancesheet_quarterly,indept_acc_liab,独立账户负债,float,无,2,%.2f,独立账户负债
balancesheet_quarterly,pledge_borr,其中:质押借款,float,无,2,%.2f,其中:质押借款
balancesheet_quarterly,indem_payable,应付赔付款,float,无,2,%.2f,应付赔付款
balancesheet_quarterly,policy_div_payable,应付保单红利,float,无,2,%.2f,应付保单红利
balancesheet_quarterly,total_liab,负债合计,float,无,2,%.2f,负债合计
balancesheet_quarterly,treasury_share,减:库存股,float,无,2,%.2f,减:库存股
balancesheet_quarterly,ordin_risk_reser,一般风险准备,float,无,2,%.2f,一般风险准备
balancesheet_quarterly,forex_differ,外币报表折算差额,float,无,2,%.2f,外币报表折算差额
balancesheet_quarterly,invest_loss_unconf,未确认的投资损失,float,无,2,%.2f,未确认的投资损失
balancesheet_quarterly,minority_int,少数股东权益,float,无,2,%.2f,少数股东权益
balancesheet_quarterly,total_hldr_eqy_exc_min_int,股东权益合计(不含少数股东权益),float,无,2,%.2f,股东权益合计(不含少数股东权益)
balancesheet_quarterly,total_hldr_eqy_inc_min_int,股东权益合计(含少数股东权益),float,无,2,%.2f,股东权益合计(含少数股东权益)
balancesheet_quarterly,total_liab_hldr_eqy,负债及股东权益总计,float,无,2,%.2f,负债及股东权益总计
balancesheet_quarterly,lt_payroll_payable,长期应付职工薪酬,float,无,2,%.2f,长期应付职工薪酬
balancesheet_quarterly,oth_comp_income,其他综合收益,float,无,2,%.2f,其他综合收益
balancesheet_quarterly,oth_eqt_tools,其他权益工具,float,无,2,%.2f,其他权益工具
balancesheet_quarterly,oth_eqt_tools_p_shr,其他权益工具(优先股),float,无,2,%.2f,其他权益工具(优先股)
balancesheet_quarterly,lending_funds,融出资金,float,无,2,%.2f,融出资金
balancesheet_quarterly,acc_receivable,应收款项,float,无,2,%.2f,应收款项
balancesheet_quarterly,st_fin_payable,应付短期融资款,float,无,2,%.2f,应付短期融资款
balancesheet_quarterly,payables,应付款项,float,无,2,%.2f,应付款项
balancesheet_quarterly,hfs_assets,持有待售的资产,float,无,2,%.2f,持有待售的资产
balancesheet_quarterly,hfs_sales,持有待售的负债,float,无,2,%.2f,持有待售的负债
balancesheet_quarterly,cost_fin_assets,以摊余成本计量的金融资产,float,无,2,%.2f,以摊余成本计量的金融资产
balancesheet_quarterly,fair_value_fin_assets,以公允价值计量且其变动计入其他综合收益的金融资产,float,无,2,%.2f,以公允价值计量且其变动计入其他综合收益的金融资产
balancesheet_quarterly,cip_total,在建工程(合计)(元),float,元,2,%.2f,在建工程(合计)(元)
balancesheet_quarterly,oth_pay_total,其他应付款(合计)(元),float,元,2,%.2f,其他应付款(合计)(元)
balancesheet_quarterly,long_pay_total,长期应付款(合计)(元),float,元,2,%.2f,长期应付款(合计)(元)
balancesheet_quarterly,debt_invest,债权投资(元),float,元,2,%.2f,债权投资(元)
balancesheet_quarterly,oth_debt_invest,其他债权投资(元),float,元,2,%.2f,其他债权投资(元)
balancesheet_quarterly,oth_eq_invest,其他权益工具投资(元),float,元,2,%.2f,其他权益工具投资(元)
balancesheet_quarterly,oth_illiq_fin_assets,其他非流动金融资产(元),float,元,2,%.2f,其他非流动金融资产(元)
balancesheet_quarterly,oth_eq_ppbond,其他权益工具:永续债(元),float,元,2,%.2f,其他权益工具:永续债(元)
balancesheet_quarterly,receiv_financing,应收款项融资,float,无,2,%.2f,应收款项融资
balancesheet_quarterly,use_right_assets,使用权资产,float,无,2,%.2f,使用权资产
balancesheet_quarterly,lease_liab,租赁负债,float,无,2,%.2f,租赁负债
balancesheet_quarterly,contract_assets,合同资产,float,无,2,%.2f,合同资产
balancesheet_quarterly,contract_liab,合同负债,float,无,2,%.2f,合同负债
balancesheet_quarterly,accounts_receiv_bill,应收票据及应收账款,float,无,2,%.2f,应收票据及应收账款
balancesheet_quarterly,accounts_pay,应付票据及应付账款,float,无,2,%.2f,应付票据及应付账款
balancesheet_quarterly,oth_rcv_total,其他应收款(合计)（元）,float,元,2,%.2f,其他应收款(合计)（元）
balancesheet_quarterly,fix_assets_total,固定资产(合计)(元),float,元,2,%.2f,固定资产(合计)(元)
balancesheet_quarterly,update_flag,更新标识,str,无,0,,更新标识
cashflow_quarterly,ts_code,TS股票代码,str,无,0,,TS股票代码
cashflow_quarterly,ann_date,公告日期,str,无,0,YYYY-MM-DD,公告日期
cashflow_quarterly,f_ann_date,实际公告日期,str,无,0,YYYY-MM-DD,实际公告日期
cashflow_quarterly,end_date,报告期,str,无,0,YYYY-MM-DD,报告期
cashflow_quarterly,comp_type,公司类型(1一般工商业2银行3保险4证券),str,无,0,,公司类型(1一般工商业2银行3保险4证券)
cashflow_quarterly,report_type,报表类型,str,无,0,,报表类型
cashflow_quarterly,end_type,报告期类型,str,无,0,,报告期类型
cashflow_quarterly,net_profit,净利润,float,无,2,%.2f,净利润
cashflow_quarterly,finan_exp,财务费用,float,无,2,%.2f,财务费用
cashflow_quarterly,c_fr_sale_sg,销售商品、提供劳务收到的现金,float,无,2,%.2f,销售商品、提供劳务收到的现金
cashflow_quarterly,recp_tax_rends,收到的税费返还,float,无,2,%.2f,收到的税费返还
cashflow_quarterly,n_depos_incr_fi,客户存款和同业存放款项净增加额,float,无,2,%.2f,客户存款和同业存放款项净增加额
cashflow_quarterly,n_incr_loans_cb,向中央银行借款净增加额,float,无,2,%.2f,向中央银行借款净增加额
cashflow_quarterly,n_inc_borr_oth_fi,向其他金融机构拆入资金净增加额,float,无,2,%.2f,向其他金融机构拆入资金净增加额
cashflow_quarterly,prem_fr_orig_contr,收到原保险合同保费取得的现金,float,无,2,%.2f,收到原保险合同保费取得的现金
cashflow_quarterly,n_incr_insured_dep,保户储金净增加额,float,无,2,%.2f,保户储金净增加额
cashflow_quarterly,n_reinsur_prem,收到再保业务现金净额,float,无,2,%.2f,收到再保业务现金净额
cashflow_quarterly,n_incr_disp_tfa,处置交易性金融资产净增加额,float,无,2,%.2f,处置交易性金融资产净增加额
cashflow_quarterly,ifc_cash_incr,收取利息和手续费净增加额,float,无,2,%.2f,收取利息和手续费净增加额
cashflow_quarterly,n_incr_disp_faas,处置可供出售金融资产净增加额,float,无,2,%.2f,处置可供出售金融资产净增加额
cashflow_quarterly,n_incr_loans_oth_bank,拆入资金净增加额,float,无,2,%.2f,拆入资金净增加额
cashflow_quarterly,n_cap_incr_repur,回购业务资金净增加额,float,无,2,%.2f,回购业务资金净增加额
cashflow_quarterly,c_fr_oth_operate_a,收到其他与经营活动有关的现金,float,无,2,%.2f,收到其他与经营活动有关的现金
cashflow_quarterly,c_inf_fr_operate_a,经营活动现金流入小计,float,无,2,%.2f,经营活动现金流入小计
cashflow_quarterly,c_paid_goods_s,购买商品、接受劳务支付的现金,float,无,2,%.2f,购买商品、接受劳务支付的现金
cashflow_quarterly,c_paid_to_for_empl,支付给职工以及为职工支付的现金,float,无,2,%.2f,支付给职工以及为职工支付的现金
cashflow_quarterly,c_paid_for_taxes,支付的各项税费,float,无,2,%.2f,支付的各项税费
cashflow_quarterly,n_incr_clt_loan_adv,客户贷款及垫款净增加额,float,无,2,%.2f,客户贷款及垫款净增加额
cashflow_quarterly,n_incr_dep_cbob,存放央行和同业款项净增加额,float,无,2,%.2f,存放央行和同业款项净增加额
cashflow_quarterly,c_pay_claims_orig_inco,支付原保险合同赔付款项的现金,float,无,2,%.2f,支付原保险合同赔付款项的现金
cashflow_quarterly,pay_handling_chrg,支付手续费的现金,float,无,2,%.2f,支付手续费的现金
cashflow_quarterly,pay_comm_insur_plcy,支付保单红利的现金,float,无,2,%.2f,支付保单红利的现金
cashflow_quarterly,oth_cash_pay_oper_act,支付其他与经营活动有关的现金,float,无,2,%.2f,支付其他与经营活动有关的现金
cashflow_quarterly,st_cash_out_act,经营活动现金流出小计,float,无,2,%.2f,经营活动现金流出小计
cashflow_quarterly,n_cashflow_act,经营活动产生的现金流量净额,float,无,2,%.2f,经营活动产生的现金流量净额
cashflow_quarterly,oth_recp_ral_inv_act,收到其他与投资活动有关的现金,float,无,2,%.2f,收到其他与投资活动有关的现金
cashflow_quarterly,c_disp_withdrwl_invest,收回投资收到的现金,float,无,2,%.2f,收回投资收到的现金
cashflow_quarterly,c_recp_return_invest,取得投资收益收到的现金,float,无,2,%.2f,取得投资收益收到的现金
cashflow_quarterly,n_recp_disp_fiolta,处置固定资产、无形资产和其他长期资产收回的现金净额,float,无,2,%.2f,处置固定资产、无形资产和其他长期资产收回的现金净额
cashflow_quarterly,n_recp_disp_sobu,处置子公司及其他营业单位收到的现金净额,float,无,2,%.2f,处置子公司及其他营业单位收到的现金净额
cashflow_quarterly,stot_inflows_inv_act,投资活动现金流入小计,float,无,2,%.2f,投资活动现金流入小计
cashflow_quarterly,c_pay_acq_const_fiolta,购建固定资产、无形资产和其他长期资产支付的现金,float,无,2,%.2f,购建固定资产、无形资产和其他长期资产支付的现金
cashflow_quarterly,c_paid_invest,投资支付的现金,float,无,2,%.2f,投资支付的现金
cashflow_quarterly,n_disp_subs_oth_biz,取得子公司及其他营业单位支付的现金净额,float,无,2,%.2f,取得子公司及其他营业单位支付的现金净额
cashflow_quarterly,oth_pay_ral_inv_act,支付其他与投资活动有关的现金,float,无,2,%.2f,支付其他与投资活动有关的现金
cashflow_quarterly,n_incr_pledge_loan,质押贷款净增加额,float,无,2,%.2f,质押贷款净增加额
cashflow_quarterly,stot_out_inv_act,投资活动现金流出小计,float,无,2,%.2f,投资活动现金流出小计
cashflow_quarterly,n_cashflow_inv_act,投资活动产生的现金流量净额,float,无,2,%.2f,投资活动产生的现金流量净额
cashflow_quarterly,c_recp_borrow,取得借款收到的现金,float,无,2,%.2f,取得借款收到的现金
cashflow_quarterly,proc_issue_bonds,发行债券收到的现金,float,无,2,%.2f,发行债券收到的现金
cashflow_quarterly,oth_cash_recp_ral_fnc_act,收到其他与筹资活动有关的现金,float,无,2,%.2f,收到其他与筹资活动有关的现金
cashflow_quarterly,stot_cash_in_fnc_act,筹资活动现金流入小计,float,无,2,%.2f,筹资活动现金流入小计
cashflow_quarterly,free_cashflow,企业自由现金流量,float,无,2,%.2f,企业自由现金流量
cashflow_quarterly,c_prepay_amt_borr,偿还债务支付的现金,float,无,2,%.2f,偿还债务支付的现金
cashflow_quarterly,c_pay_dist_dpcp_int_exp,分配股利、利润或偿付利息支付的现金,float,无,2,%.2f,分配股利、利润或偿付利息支付的现金
cashflow_quarterly,incl_dvd_profit_paid_sc_ms,其中:子公司支付给少数股东的股利、利润,float,无,2,%.2f,其中:子公司支付给少数股东的股利、利润
cashflow_quarterly,oth_cashpay_ral_fnc_act,支付其他与筹资活动有关的现金,float,无,2,%.2f,支付其他与筹资活动有关的现金
cashflow_quarterly,stot_cashout_fnc_act,筹资活动现金流出小计,float,无,2,%.2f,筹资活动现金流出小计
cashflow_quarterly,n_cash_flows_fnc_act,筹资活动产生的现金流量净额,float,无,2,%.2f,筹资活动产生的现金流量净额
cashflow_quarterly,eff_fx_flu_cash,汇率变动对现金的影响,float,%,2,%.2f,汇率变动对现金的影响
cashflow_quarterly,n_incr_cash_cash_equ,现金及现金等价物净增加额,float,无,2,%.2f,现金及现金等价物净增加额
cashflow_quarterly,c_cash_equ_beg_period,期初现金及现金等价物余额,float,无,2,%.2f,期初现金及现金等价物余额
cashflow_quarterly,c_cash_equ_end_period,期末现金及现金等价物余额,float,无,2,%.2f,期末现金及现金等价物余额
cashflow_quarterly,c_recp_cap_contrib,吸收投资收到的现金,float,无,2,%.2f,吸收投资收到的现金
cashflow_quarterly,incl_cash_rec_saims,其中:子公司吸收少数股东投资收到的现金,float,无,2,%.2f,其中:子公司吸收少数股东投资收到的现金
cashflow_quarterly,uncon_invest_loss,未确认投资损失,float,无,2,%.2f,未确认投资损失
cashflow_quarterly,prov_depr_assets,加:资产减值准备,float,无,2,%.2f,加:资产减值准备
cashflow_quarterly,depr_fa_coga_dpba,固定资产折旧、油气资产折耗、生产性生物资产折旧,float,无,2,%.2f,固定资产折旧、油气资产折耗、生产性生物资产折旧
cashflow_quarterly,amort_intang_assets,无形资产摊销,float,无,2,%.2f,无形资产摊销
cashflow_quarterly,lt_amort_deferred_exp,长期待摊费用摊销,float,无,2,%.2f,长期待摊费用摊销
cashflow_quarterly,decr_deferred_exp,待摊费用减少,float,无,2,%.2f,待摊费用减少
cashflow_quarterly,incr_acc_exp,预提费用增加,float,无,2,%.2f,预提费用增加
cashflow_quarterly,loss_disp_fiolta,处置固定、无形资产和其他长期资产的损失,float,无,2,%.2f,处置固定、无形资产和其他长期资产的损失
cashflow_quarterly,loss_scr_fa,固定资产报废损失,float,无,2,%.2f,固定资产报废损失
cashflow_quarterly,loss_fv_chg,公允价值变动损失,float,无,2,%.2f,公允价值变动损失
cashflow_quarterly,invest_loss,投资损失,float,无,2,%.2f,投资损失
cashflow_quarterly,decr_def_inc_tax_assets,递延所得税资产减少,float,无,2,%.2f,递延所得税资产减少
cashflow_quarterly,incr_def_inc_tax_liab,递延所得税负债增加,float,无,2,%.2f,递延所得税负债增加
cashflow_quarterly,decr_inventories,存货的减少,float,无,2,%.2f,存货的减少
cashflow_quarterly,decr_oper_payable,经营性应收项目的减少,float,无,2,%.2f,经营性应收项目的减少
cashflow_quarterly,incr_oper_payable,经营性应付项目的增加,float,无,2,%.2f,经营性应付项目的增加
cashflow_quarterly,others,其他,float,无,2,%.2f,其他
cashflow_quarterly,im_net_cashflow_oper_act,经营活动产生的现金流量净额(间接法),float,无,2,%.2f,经营活动产生的现金流量净额(间接法)
cashflow_quarterly,conv_debt_into_cap,债务转为资本,float,无,2,%.2f,债务转为资本
cashflow_quarterly,conv_copbonds_due_within_1y,一年内到期的可转换公司债券,float,无,2,%.2f,一年内到期的可转换公司债券
cashflow_quarterly,fa_fnc_leases,融资租入固定资产,float,无,2,%.2f,融资租入固定资产
cashflow_quarterly,im_n_incr_cash_equ,现金及现金等价物净增加额(间接法),float,无,2,%.2f,现金及现金等价物净增加额(间接法)
cashflow_quarterly,net_dism_capital_add,拆出资金净增加额,float,无,2,%.2f,拆出资金净增加额
cashflow_quarterly,net_cash_rece_sec,代理买卖证券收到的现金净额(元),float,元,2,%.2f,代理买卖证券收到的现金净额(元)
cashflow_quarterly,credit_impa_loss,信用减值损失,float,无,2,%.2f,信用减值损失
cashflow_quarterly,use_right_asset_dep,使用权资产折旧,float,无,2,%.2f,使用权资产折旧
cashflow_quarterly,oth_loss_asset,其他资产减值损失,float,无,2,%.2f,其他资产减值损失
cashflow_quarterly,end_bal_cash,现金的期末余额,float,无,2,%.2f,现金的期末余额
cashflow_quarterly,beg_bal_cash,减:现金的期初余额,float,无,2,%.2f,减:现金的期初余额
cashflow_quarterly,end_bal_cash_equ,加:现金等价物的期末余额,float,无,2,%.2f,加:现金等价物的期末余额
cashflow_quarterly,beg_bal_cash_equ,减:现金等价物的期初余额,float,无,2,%.2f,减:现金等价物的期初余额
cashflow_quarterly,update_flag,更新标志(1最新）,str,无,0,,更新标志(1最新）
market_daily_info,exchange,交易所,str,无,0,,交易所
market_daily_info,symbol,交易对,str,无,0,,交易对
market_daily_info,is_contract,是否合约,str,无,0,,是否合约
market_daily_info,status,状态Y可用N不可用,str,无,0,,状态Y可用N不可用
moneyflow_stock,ts_code,TS代码,str,无,0,,TS代码
moneyflow_stock,trade_date,交易日期,str,无,0,YYYY-MM-DD,交易日期
moneyflow_stock,buy_sm_vol,小单买入量（手）,int,手,0,,小单买入量（手）
moneyflow_stock,buy_sm_amount,小单买入金额（万元）,float,元,2,%.2f,小单买入金额（万元）
moneyflow_stock,sell_sm_vol,小单卖出量（手）,int,手,0,,小单卖出量（手）
moneyflow_stock,sell_sm_amount,小单卖出金额（万元）,float,元,2,%.2f,小单卖出金额（万元）
moneyflow_stock,buy_md_vol,中单买入量（手）,int,手,0,,中单买入量（手）
moneyflow_stock,buy_md_amount,中单买入金额（万元）,float,元,2,%.2f,中单买入金额（万元）
moneyflow_stock,sell_md_vol,中单卖出量（手）,int,手,0,,中单卖出量（手）
moneyflow_stock,sell_md_amount,中单卖出金额（万元）,float,元,2,%.2f,中单卖出金额（万元）
moneyflow_stock,buy_lg_vol,大单买入量（手）,int,手,0,,大单买入量（手）
moneyflow_stock,buy_lg_amount,大单买入金额（万元）,float,元,2,%.2f,大单买入金额（万元）
moneyflow_stock,sell_lg_vol,大单卖出量（手）,int,手,0,,大单卖出量（手）
moneyflow_stock,sell_lg_amount,大单卖出金额（万元）,float,元,2,%.2f,大单卖出金额（万元）
moneyflow_stock,buy_elg_vol,特大单买入量（手）,int,手,0,,特大单买入量（手）
moneyflow_stock,buy_elg_amount,特大单买入金额（万元）,float,元,2,%.2f,特大单买入金额（万元）
moneyflow_stock,sell_elg_vol,特大单卖出量（手）,int,手,0,,特大单卖出量（手）
moneyflow_stock,sell_elg_amount,特大单卖出金额（万元）,float,元,2,%.2f,特大单卖出金额（万元）
moneyflow_stock,net_mf_vol,净流入量（手）,int,手,0,,净流入量（手）
moneyflow_stock,net_mf_amount,净流入额（万元）,float,元,2,%.2f,净流入额（万元）
kline_daily_raw,trade_date,交易日期,str,无,0,YYYY-MM-DD,交易日期
kline_daily_raw,ts_code,TS代码,str,无,0,,TS代码
kline_daily_raw,open_li,开盘价（厘）,float,厘,0,,开盘价（厘）
kline_daily_raw,high_li,最高价（厘）,float,厘,0,,最高价（厘）
kline_daily_raw,low_li,最低价（厘）,float,厘,0,,最低价（厘）
kline_daily_raw,close_li,收盘价（厘）,float,厘,0,,收盘价（厘）
kline_daily_raw,volume_hand,成交量（手）,float,手,0,,成交量（手）
kline_daily_raw,amount_li,成交额（厘）,float,厘,0,,成交额（厘）
kline_daily_raw,source,来源标识,str,无,0,,来源标识
kline_daily_qfq,trade_date,交易日期,str,无,0,YYYY-MM-DD,交易日期
kline_daily_qfq,ts_code,TS代码,str,无,0,,TS代码
kline_daily_qfq,open_li,开盘价（厘）,float,厘,0,,开盘价（厘）
kline_daily_qfq,high_li,最高价（厘）,float,厘,0,,最高价（厘）
kline_daily_qfq,low_li,最低价（厘）,float,厘,0,,最低价（厘）
kline_daily_qfq,close_li,收盘价（厘）,float,厘,0,,收盘价（厘）
kline_daily_qfq,volume_hand,成交量（手）,float,手,0,,成交量（手）
kline_daily_qfq,amount_li,成交额（厘）,float,厘,0,,成交额（厘）
kline_daily_qfq,source,来源标识,str,无,0,,来源标识
kline_daily_hfq,trade_date,交易日期,str,无,0,YYYY-MM-DD,交易日期
kline_daily_hfq,ts_code,TS代码,str,无,0,,TS代码
kline_daily_hfq,open_li,开盘价（厘）,float,厘,0,,开盘价（厘）
kline_daily_hfq,high_li,最高价（厘）,float,厘,0,,最高价（厘）
kline_daily_hfq,low_li,最低价（厘）,float,厘,0,,最低价（厘）
kline_daily_hfq,close_li,收盘价（厘）,float,厘,0,,收盘价（厘）
kline_daily_hfq,volume_hand,成交量（手）,float,手,0,,成交量（手）
kline_daily_hfq,amount_li,成交额（厘）,float,厘,0,,成交额（厘）
kline_daily_hfq,source,来源标识,str,无,0,,来源标识
etf_basic,ts_code,基金交易代码,str,无,0,,基金交易代码
etf_basic,csname,ETF中文简称,str,无,0,,ETF中文简称
etf_basic,extname,ETF扩位简称(对应交易所简称),str,无,0,,ETF扩位简称(对应交易所简称)
etf_basic,cname,基金中文全称,str,无,0,,基金中文全称
etf_basic,index_code,ETF基准指数代码,str,无,0,,ETF基准指数代码
etf_basic,index_name,ETF基准指数中文全称,str,无,0,,ETF基准指数中文全称
etf_basic,setup_date,设立日期（格式：YYYYMMDD）,str,无,0,YYYY-MM-DD,设立日期（格式：YYYYMMDD）
etf_basic,list_date,上市日期（格式：YYYYMMDD）,str,无,0,YYYY-MM-DD,上市日期（格式：YYYYMMDD）
etf_basic,list_status,存续状态（L上市 D退市 P待上市）,str,无,0,,存续状态（L上市 D退市 P待上市）
etf_basic,exchange,交易所（上交所SH 深交所SZ）,str,无,0,,交易所（上交所SH 深交所SZ）
etf_basic,mgr_name,基金管理人简称,str,无,0,,基金管理人简称
etf_basic,custod_name,基金托管人名称,str,无,0,,基金托管人名称
etf_basic,mgt_fee,基金管理人收取的费用,float,无,2,%.2f,基金管理人收取的费用
etf_basic,etf_type,基金投资通道类型（境内、QDII）,str,无,0,,基金投资通道类型（境内、QDII）
moneyflow_stock_akshare,日期,交易日期,str,无,0,YYYY-MM-DD,交易日期
moneyflow_stock_akshare,收盘价,收盘价,float,元,2,%.2f,当日收盘价
moneyflow_stock_akshare,涨跌幅,涨跌幅,float,%,2,%.2f,当日相对前一交易日涨跌幅
moneyflow_stock_akshare,主力净流入-净额,主力净流入-净额,float,元,2,%.2f,大单+超大单合计净流入金额
moneyflow_stock_akshare,主力净流入-净占比,主力净流入-净占比,float,%,2,%.2f,主力净流入金额占成交额比例
moneyflow_stock_akshare,超大单净流入-净额,超大单净流入-净额,float,元,2,%.2f,超大单净流入金额
moneyflow_stock_akshare,超大单净流入-净占比,超大单净流入-净占比,float,%,2,%.2f,超大单净流入金额占成交额比例
moneyflow_stock_akshare,大单净流入-净额,大单净流入-净额,float,元,2,%.2f,大单净流入金额
moneyflow_stock_akshare,大单净流入-净占比,大单净流入-净占比,float,%,2,%.2f,大单净流入金额占成交额比例
moneyflow_stock_akshare,中单净流入-净额,中单净流入-净额,float,元,2,%.2f,中单净流入金额
moneyflow_stock_akshare,中单净流入-净占比,中单净流入-净占比,float,%,2,%.2f,中单净流入金额占成交额比例
moneyflow_stock_akshare,小单净流入-净额,小单净流入-净额,float,元,2,%.2f,小单净流入金额
moneyflow_stock_akshare,小单净流入-净占比,小单净流入-净占比,float,%,2,%.2f,小单净流入金额占成交额比例
margin_trading_summary,trade_date,交易日期,str,无,0,YYYY-MM-DD,交易日期
margin_trading_summary,exchange_id,交易所代码（SSE上交所SZSE深交所BSE北交所）,str,无,0,,交易所代码（SSE上交所SZSE深交所BSE北交所）
margin_trading_summary,rzye,融资余额(元),float,元,2,%.2f,融资余额(元)
margin_trading_summary,rzmre,融资买入额(元),float,元,2,%.2f,融资买入额(元)
margin_trading_summary,rzche,融资偿还额(元),float,元,2,%.2f,融资偿还额(元)
margin_trading_summary,rqye,融券余额(元),float,元,2,%.2f,融券余额(元)
margin_trading_summary,rqmcl,"融券卖出量(股,份,手)",float,手,2,%.2f,"融券卖出量(股,份,手)"
margin_trading_summary,rzrqye,融资融券余额(元),float,元,2,%.2f,融资融券余额(元)
margin_trading_summary,rqyl,"融券余量(股,份,手)",float,手,2,%.2f,"融券余量(股,份,手)"
margin_trading_detail,trade_date,交易日期,str,无,0,YYYY-MM-DD,交易日期
margin_trading_detail,ts_code,TS股票代码,str,无,0,,TS股票代码
margin_trading_detail,name,股票名称 （20190910后有数据）,str,无,0,,股票名称 （20190910后有数据）
margin_trading_detail,rzye,融资余额(元),float,元,2,%.2f,融资余额(元)
margin_trading_detail,rqye,融券余额(元),float,元,2,%.2f,融券余额(元)
margin_trading_detail,rzmre,融资买入额(元),float,元,2,%.2f,融资买入额(元)
margin_trading_detail,rqyl,融券余量（股）,float,无,2,%.2f,融券余量（股）
margin_trading_detail,rzche,融资偿还额(元),float,元,2,%.2f,融资偿还额(元)
margin_trading_detail,rqchl,融券偿还量(股),float,无,2,%.2f,融券偿还量(股)
margin_trading_detail,rqmcl,"融券卖出量(股,份,手)",float,手,2,%.2f,"融券卖出量(股,份,手)"
margin_trading_detail,rzrqye,融资融券余额(元),float,元,2,%.2f,融资融券余额(元)
stock_52week_range,symbol,股票代码,str,无,0,,股票代码（6位或带后缀）
stock_52week_range,high_52w,52周最高价,float,元,2,%.2f,过去52周内的最高价
stock_52week_range,low_52w,52周最低价,float,元,2,%.2f,过去52周内的最低价
stock_52week_range,high_date,52周最高价日期,str,无,0,YYYYMM-DD,52周最高价对应的交易日期
stock_52week_range,low_date,52周最低价日期,str,无,0,YYYYMM-DD,52周最低价对应的交易日期
stock_52week_range,current_price,当前价格,float,元,2,%.2f,最近一个交易日的收盘价
stock_52week_range,position_percent,52周区间位置,float,%,2,%.2f,当前价格在52周高低位区间中的百分位位置
stock_52week_range,success,是否成功,bool,无,0,,是否成功获取到52周高低位数据
kline_minute_raw,trade_time,交易时间,str,无,0,YYYY-MM-DD HH:MM:SS,分钟级时间戳（Timescale Hypertable 时间键）
kline_minute_raw,ts_code,TS代码,str,无,0,,股票 TS 代码
kline_minute_raw,freq,频率,str,无,0,,频率标识，固定为 1m
kline_minute_raw,open_li,开盘价（厘）,float,厘,0,,分钟线开盘价，单位：厘
kline_minute_raw,high_li,最高价（厘）,float,厘,0,,分钟线最高价，单位：厘
kline_minute_raw,low_li,最低价（厘）,float,厘,0,,分钟线最低价，单位：厘
kline_minute_raw,close_li,收盘价（厘）,float,厘,0,,分钟线收盘价，单位：厘
kline_minute_raw,volume_hand,成交量（手）,float,手,0,,分钟内成交量，单位：手
kline_minute_raw,amount_li,成交额（厘）,float,厘,0,,分钟内成交额，单位：厘
kline_minute_raw,adjust_type,复权类型,str,无,0,,复权类型，固定为 none
kline_minute_raw,source,来源标识,str,无,0,,来源标识（tdx_api / tdx_vipdoc）
tick_trade_raw,trade_time,成交时间,str,无,0,YYYY-MM-DD HH:MM:SS,逐笔成交时间（Timescale Hypertable 时间键）
tick_trade_raw,ts_code,TS代码,str,无,0,,股票 TS 代码
tick_trade_raw,price_li,成交价（厘）,float,厘,0,,逐笔成交价格，单位：厘
tick_trade_raw,volume_hand,成交量（手）,float,手,0,,逐笔成交量，单位：手
tick_trade_raw,status,成交方向标识,int,无,0,,成交状态：0 买入 1 卖出 2 中性
tick_trade_raw,source,来源标识,str,无,0,,来源标识，固定为 tdx_api
quote_snapshot,snapshot_time,快照时间,str,无,0,YYYY-MM-DD HH:MM:SS,行情快照时间
quote_snapshot,ts_code,TS代码,str,无,0,,股票 TS 代码
quote_snapshot,last_li,最新价（厘）,float,厘,0,,最新价，单位：厘
quote_snapshot,open_li,开盘价（厘）,float,厘,0,,开盘价，单位：厘
quote_snapshot,high_li,最高价（厘）,float,厘,0,,最高价，单位：厘
quote_snapshot,low_li,最低价（厘）,float,厘,0,,最低价，单位：厘
quote_snapshot,close_li,收盘价（厘）,float,厘,0,,收盘价，单位：厘
quote_snapshot,total_hand,总成交量（手）,float,手,0,,当日累计成交量，单位：手
quote_snapshot,amount_li,成交额（厘）,float,厘,0,,当日累计成交额，单位：厘
quote_snapshot,inside_dish,内盘（手）,float,手,0,,内盘成交量，单位：手
quote_snapshot,outer_disc,外盘（手）,float,手,0,,外盘成交量，单位：手
quote_snapshot,intuition,现量（手）,float,手,0,,最新一笔成交量，单位：手
quote_snapshot,server_time_ts,服务器时间戳,str,无,0,YYYY-MM-DD HH:MM:SS,TDX 服务器时间戳
quote_snapshot,buy_levels,买盘档位,json,无,0,,买一到买五等买盘档位 JSON
quote_snapshot,sell_levels,卖盘档位,json,无,0,,卖一到卖五等卖盘档位 JSON

sina_board_intraday,ts,时间戳,str,无,0,YYYY-MM-DD HH:MM:SS,快照时间（上海时区，对应 Timescale 主键 ts）
sina_board_intraday,cate_type,板块分类类型,int,无,0,,板块分类类型：0=行业 1=概念 2=证监会行业
sina_board_intraday,board_code,板块代码,str,无,0,,板块代码，如 gn_ldc
sina_board_intraday,board_name,板块名称,str,无,0,,板块名称
sina_board_intraday,pct_chg,涨跌幅（%）,float,%,2,%.2f,板块平均涨跌幅（%）
sina_board_intraday,amount,成交额（元）,float,元,2,%.2f,板块成交额（元）
sina_board_intraday,net_inflow,资金净流入（元）,float,元,2,%.2f,板块资金净流入金额（元）
sina_board_intraday,turnover,换手率,float,无,4,%.4f,板块换手率（原始为小数）
sina_board_intraday,ratioamount,净流入率（%）,float,%,2,%.2f,板块资金净流入占成交额比例（%）
sina_board_intraday,meta,原始明细JSON,json,无,0,,原始新浪返回的 JSON 明细

sina_board_daily,trade_date,交易日期,str,无,0,YYYY-MM-DD,交易日期
sina_board_daily,cate_type,板块分类类型,int,无,0,,板块分类类型：0=行业 1=概念 2=证监会行业
sina_board_daily,board_code,板块代码,str,无,0,,板块代码，如 gn_ldc
sina_board_daily,board_name,板块名称,str,无,0,,板块名称
sina_board_daily,pct_chg,涨跌幅（%）,float,%,2,%.2f,板块当日平均涨跌幅（%）
sina_board_daily,amount,成交额（元）,float,元,2,%.2f,板块当日成交额（元）
sina_board_daily,net_inflow,资金净流入（元）,float,元,2,%.2f,板块当日资金净流入金额（元）
sina_board_daily,turnover,换手率,float,无,4,%.4f,板块当日换手率（原始为小数）
sina_board_daily,ratioamount,净流入率（%）,float,%,2,%.2f,板块当日资金净流入占成交额比例（%）
sina_board_daily,meta,原始明细JSON,json,无,0,,原始新浪返回的 JSON 明细

index_kline_daily_qfq,trade_date,交易日期,str,无,0,YYYY-MM-DD,交易日期（指数日K，前复权）
index_kline_daily_qfq,code,指数代码,str,无,0,,指数代码（如 399001.SZ）
index_kline_daily_qfq,open_li,开盘价（厘）,float,厘,0,,指数开盘价，单位：厘
index_kline_daily_qfq,high_li,最高价（厘）,float,厘,0,,指数最高价，单位：厘
index_kline_daily_qfq,low_li,最低价（厘）,float,厘,0,,指数最低价，单位：厘
index_kline_daily_qfq,close_li,收盘价（厘）,float,厘,0,,指数收盘价，单位：厘
index_kline_daily_qfq,volume_hand,成交量（手）,float,手,0,%.0f,指数成分合计成交量，单位：手
index_kline_daily_qfq,amount_li,成交额（厘）,float,厘,0,,指数成分合计成交额，单位：厘
index_kline_daily_qfq,up_count,上涨家数,int,无,0,,成分中上涨股票数量
index_kline_daily_qfq,down_count,下跌家数,int,无,0,,成分中下跌股票数量
index_kline_daily_qfq,adjust_type,复权类型,str,无,0,,复权类型，固定为 qfq
index_kline_daily_qfq,source,来源标识,str,无,0,,来源标识（tdx_api / tdx_vipdoc）

index_kline_weekly_qfq,week_end_date,周末日期,str,无,0,YYYY-MM-DD,周末日期（指数周K，前复权）
index_kline_weekly_qfq,code,指数代码,str,无,0,,指数代码（如 399001.SZ）
index_kline_weekly_qfq,open_li,开盘价（厘）,float,厘,0,,指数周K开盘价，单位：厘
index_kline_weekly_qfq,high_li,最高价（厘）,float,厘,0,,指数周K最高价，单位：厘
index_kline_weekly_qfq,low_li,最低价（厘）,float,厘,0,,指数周K最低价，单位：厘
index_kline_weekly_qfq,close_li,收盘价（厘）,float,厘,0,,指数周K收盘价，单位：厘
index_kline_weekly_qfq,volume_hand,成交量（手）,float,手,0,%.0f,指数周K成分合计成交量，单位：手
index_kline_weekly_qfq,amount_li,成交额（厘）,float,厘,0,,指数周K成分合计成交额，单位：厘
index_kline_weekly_qfq,up_count,上涨家数,int,无,0,,成分中上涨股票数量
index_kline_weekly_qfq,down_count,下跌家数,int,无,0,,成分中下跌股票数量
index_kline_weekly_qfq,adjust_type,复权类型,str,无,0,,复权类型，固定为 qfq
index_kline_weekly_qfq,source,来源标识,str,无,0,,来源标识（tdx_api / tdx_vipdoc）

index_kline_monthly_qfq,month_end_date,月末日期,str,无,0,YYYY-MM-DD,月末日期（指数月K，前复权）
index_kline_monthly_qfq,code,指数代码,str,无,0,,指数代码（如 399001.SZ）
index_kline_monthly_qfq,open_li,开盘价（厘）,float,厘,0,,指数月K开盘价，单位：厘
index_kline_monthly_qfq,high_li,最高价（厘）,float,厘,0,,指数月K最高价，单位：厘
index_kline_monthly_qfq,low_li,最低价（厘）,float,厘,0,,指数月K最低价，单位：厘
index_kline_monthly_qfq,close_li,收盘价（厘）,float,厘,0,,指数月K收盘价，单位：厘
index_kline_monthly_qfq,volume_hand,成交量（手）,float,手,0,%.0f,指数月K成分合计成交量，单位：手
index_kline_monthly_qfq,amount_li,成交额（厘）,float,厘,0,,指数月K成分合计成交额，单位：厘
index_kline_monthly_qfq,up_count,上涨家数,int,无,0,,成分中上涨股票数量
index_kline_monthly_qfq,down_count,下跌家数,int,无,0,,成分中下跌股票数量
index_kline_monthly_qfq,adjust_type,复权类型,str,无,0,,复权类型，固定为 qfq
index_kline_monthly_qfq,source,来源标识,str,无,0,,来源标识（tdx_api / tdx_vipdoc）
stock_info,ts_code,TS代码,str,无,0,,TS 股票代码（CHAR(9)）
stock_info,name,证券名称,str,无,0,,证券名称
stock_info,industry,所属行业,str,无,0,,所属行业
stock_info,market,所属市场,str,无,0,,所属市场（主板/中小板/创业板等）
stock_info,area,所属地域,str,无,0,,所属地域
stock_info,list_date,上市日期,str,无,0,YYYY-MM-DD,上市日期
stock_info,ext_json,扩展信息JSON,json,无,0,,扩展信息 JSON（如板块标签、概念等）
stock_info,updated_at,更新时间,str,无,0,YYYY-MM-DD HH:MM:SS,记录最后更新时间（上海时区）

market_stats_snapshot,snapshot_time,快照时间,str,无,0,YYYY-MM-DD HH:MM:SS,市场统计快照时间（TIMESTAMPTZ）
market_stats_snapshot,stats,市场统计JSON,json,无,0,,聚合的市场统计指标 JSON（如涨跌家数/成交额分布等）
